{"cameraMode":{"drawMode":0,"name":"Shaded","section":"Shading Mode"},"sceneLighting":false,"audioPlay":false,"sceneViewState":{"m_AlwaysRefresh":false,"showFog":true,"showSkybox":false,"showFlares":true,"showImageEffects":true,"showParticleSystems":true,"showVisualEffectGraphs":true,"m_FxEnabled":true},"in2DMode":false,"pivot":{"x":-3.3636581897735597,"y":0.8667014837265015,"z":1.7785793542861939},"rotation":{"x":0.15559881925582887,"y":-0.03513356298208237,"z":0.005825718864798546,"w":0.9873954653739929},"size":0.6048540472984314,"orthographic":false}